﻿<?xml version="1.0" encoding="utf-8"?>
<parameters>
  <parameter name="IIS Web Application Name" description="" value="CosmicL2sPortal" tags="IisApp">
    <parameterEntry kind="ProviderPath" scope="IisApp" match="^C:\\Work\\OneITVSO\\SP-CRMERP-Ccrm-Cosmic-Cosmic\\COSMIC\\Integrations\\CosmicL2SPortal\\L2SIntegration\\obj\\Release\\Package\\PackageTmp$" />
    <parameterEntry kind="ProviderPath" scope="setAcl" match="^C:\\Work\\OneITVSO\\SP-CRMERP-Ccrm-Cosmic-Cosmic\\COSMIC\\Integrations\\CosmicL2SPortal\\L2SIntegration\\obj\\Release\\Package\\PackageTmp$" />
  </parameter>
  <parameter name="DefaultConnection-Web.config Connection String" description="" value="Data Source=(localdb)\MSSQLLocalDB;AttachDbFilename=|DataDirectory|\aspnet-L2SIntegration-7e79dbd1-c1e7-4d6c-b543-874939ff5cf4.mdf;Initial Catalog=aspnet-L2SIntegration-7e79dbd1-c1e7-4d6c-b543-874939ff5cf4;Integrated Security=True" tags="">
    <parameterEntry kind="XmlFile" scope="C:\\Work\\OneITVSO\\SP-CRMERP-Ccrm-Cosmic-Cosmic\\COSMIC\\Integrations\\CosmicL2SPortal\\L2SIntegration\\obj\\Release\\Package\\PackageTmp\\Web\.config$" match="/configuration/connectionStrings/add[@name='DefaultConnection']/@connectionString" />
  </parameter>
  <parameter name="L2SEntities-Web.config Connection String" description="" value="metadata=res://*/L2SDataModel.csdl|res://*/L2SDataModel.ssdl|res://*/L2SDataModel.msl;provider=System.Data.SqlClient;provider connection string=&quot;data source=sosmicdhubtest2.database.windows.net;initial catalog=L2SCosmic;persist security info=True;user id=cosmicadmin;password=Sonata@1;MultipleActiveResultSets=True;App=EntityFramework&quot;" tags="">
    <parameterEntry kind="XmlFile" scope="C:\\Work\\OneITVSO\\SP-CRMERP-Ccrm-Cosmic-Cosmic\\COSMIC\\Integrations\\CosmicL2SPortal\\L2SIntegration\\obj\\Release\\Package\\PackageTmp\\Web\.config$" match="/configuration/connectionStrings/add[@name='L2SEntities']/@connectionString" />
  </parameter>
</parameters>